Name,Status,Hours of Operation,Menu,District,Street Address,City,Zip,Phone Number,Website,How To Order,Order via Email Address,Delivery Options,Pickup Options,Accepting Future Orders,"If Accepting Future Orders, provide details",Selling Gift Cards?,Limited or special menu?
 Cajun Boil Bar,Limited Hours,12-9pm,cajunseafoodohio.com,Reynoldsburg,2760 Brice Road,Reynoldsburg ,43068,614-863-8667,cajunseafoodohio.com,"Website,Direct Call",,,,,,"""Yes, In Person""",
Alchemy Café,Limited Hours,7am-4pm,https://www.alchemy-brands.com/location/alchemy-cafe/,German/Merion Village,625 parsons avenue ,Columbus ,43206,615-305-7551,http://www.alchemy-brands.com/,"Direct Call,Website,Delivery Apps",,"Direct from Restaurant ,Door Dash,Uber Eats",Carry Out,Yes,,"""Yes, Online"",""Yes, In Person""",
Alchemy Kitchen,Limited Hours,7am-4pm,https://www.alchemy-brands.com/location/alchemy-kitchen/,Grandview,1439 Grandview Ave,Columbus ,43205,614-725-0255,www.alchemy-brands.com,"Website,Direct Call,Delivery Apps",,"Direct from Restaurant ,Door Dash,Uber Eats",Carry Out,Yes,,"""Yes, Online"",""Yes, In Person""",
Amano’s ,Limited Hours,,https://www.toasttab.com/amanos-220-worthington-mall/v2/online-order,Worthington,220 Worthington Mall,Worthington ,43085,614-430-8000,http://amanosworthington.com/,"Direct Call,Website,Delivery Apps",,"Direct from Restaurant ,GrubHub,Door Dash,Uber Eats","Curbside,Carry Out",Yes,,"""Yes, In Person"",""Yes, Online""",
Balboa,Limited Hours,,https://www.balboamexicanrestaurant.com/menu/,Grandview,1312 Grandview Ave,Columbus,43212,6147451201,https://www.balboamexicanrestaurant.com/,"Direct Call,Delivery Apps",,"Postmates,Uber Eats","Curbside,Carry Out",No,,"""Yes, In Person""",
Basi Italia,Temporarily Closed,,,Short North/Italian Village,811 Highland St,Columbus,43215,(614) 294-7383,ww.basi-italia.com,,,,,,,,
Blue Ginger,Limited Hours,12pm to 9pm,http://bluegingerdublin.com,Dublin,6234 sawmill rd,Dublin,43017,614－792－3888,www.bluegingerdublin.com,"Direct Call,Website,Delivery Apps",,"GrubHub,Postmates,Uber Eats",Carry Out,Yes,,"""Yes, In Person""",
Bonifacio: Modern Filipino,Limited Hours,,www.bonifacio614.com,Upper Arlington,1577 King Ave,Columbus,43212,614-914-8115,www.bonifacio614.com,"Direct Call,Website",,"Direct from Restaurant ,Door Dash","Curbside,Carry Out",Yes,Our online delivery system allows you to create future orders.,"""Yes, Online""",Yes
Brioso Roastery + Coffee Bar,Regular Hours,"M-F 7am-4pm
Sat 8am-4pm",instagram.com/briosocoffee,Downtown,329 E Long St,Columbus,43215,(614) 754-9511,briosocoffee.com,Direct Call,,,Carry Out,No,,"""Yes, Online"",""Yes, In Person""",
Brioso Roastery + Coffee Bar,Regular Hours,"M-F 7am-4pm
Sat 8am-12pm",instagram.com/briosocoffee,Downtown,53 N High St,Columbus,43215,(614) 670-8490,briosocoffee.com,Direct Call,,,Curbside,No,,"""Yes, Online"",""Yes, In Person""",
Bruno's Pizza & Pasta,Regular Hours,,-,Northside,1774 E. Dublin-Granville Rd.,Columbus ,43229,614-891-0631,no,Direct Call,,Direct from Restaurant ,Carry Out,No,,"""Yes, In Person""",
Cap City Grandview,Limited Hours,,https://capcityfinediner.com/locations-menus/,Grandview,1299 Olentangy River Road ,Columbus,43212,614.291.3663,,Direct Call,,,Curbside,,,"""Yes, Online""",Yes
Choripan Argentine Grill,Regular Hours,,www.choripan.co,Dublin,5927 Karric Square Dr.,Dublin,43016,614-467-9288,www.choripan.co,"Direct Call,Website,Delivery Apps",,"Direct from Restaurant ,GrubHub,Postmates,Uber Eats","Curbside,Carry Out",Yes,Order by 6 pm for next day pick up. ,"""Yes, In Person"",""Yes, Online""",
Chuy’s ,Limited Hours,,,Easton Area,4154 Seward street,Columbus,43219,614-498-0285,http://www.chuys.com/locations/ohio/columbus,"Direct Call,Website,Delivery Apps",,"Direct from Restaurant ,Door Dash,Postmates","Curbside,Carry Out",Yes,,"""Yes, In Person""",Yes
City Barbeque ,Regular Hours,,https://order.citybbq.com,New Albany,6280 e dublin granville rd. ,new albany ,43054,6142459293,www.citybbq.com,"Direct Call,Website,Delivery Apps",,"Direct from Restaurant ,GrubHub,Door Dash","Curbside,Carry Out",Yes,,"""Yes, Online"",""Yes, In Person""",
City Tavern,Limited Hours,,www.citytaverncolumbus.com/menu,Short North/Italian Village,697 N 4th St,Columbus,43215,6148262348,www.citytaverncolumbus.com,"Direct Call,Delivery Apps",,"Direct from Restaurant ,GrubHub,Uber Eats","Curbside,Carry Out",No,,"""Yes, In Person""",
Community Grounds,Regular Hours,,http://mycommunitygrounds.com/menu/,German/Merion Village,1134 Parsons Ave,Columbus,43206,6147250124,http://mycommunitygrounds.com,Delivery Apps,,Direct from Restaurant ,Carry Out,Yes,Use the Cloosiv app to order ahead. $3 off first order.,"""Yes, Online"",""Yes, In Person""",
Condado Tacos Easton,Limited Hours,11:00 am til 10:00 pm,Condadotacos.com,Easton Area,4077 Fenlon St,Columbus,43219,614.532.5956,Condadotacos.cm,"Direct Call,Website",,"Direct from Restaurant ,Door Dash",Carry Out,Yes,We will accept all orders during the operating hours.,"""Yes, In Person""",We are serving our normal menu and catering menu as well.  Please call with questions.
Cova Cowork & Bottoms Up Coffee,Temporarily Closed,,https://www.instagram.com/bottomsupcoffee/,Franklinton,1069 W Broad Street,Columbus,43222,-2535,https://www.bottomsupcoffee.com/,Website,,GrubHub,Curbside,Yes,"Our cafe is closed for the time being and we unfortunately are not equip to do take-out as an option. We do, however have gift cards and merch available for purchase through our website. 

NOTE: 
While we are available on GrubHub normally, for now we have discontinued that feature. 
Also, curbside is NOT available, but I was required to click one option to submit.  ","""Yes, Online""",Yes
Cuzn'z Bar & Grill,Limited Hours,,Like our page on FB,Pataskala,12897 C National Rd,Pataskala ,43062,7409633331,Cuznzbarandgrill.com,Direct Call,,Direct from Restaurant ,Carry Out,Yes,,"""Yes, In Person""",
Dempsey's Food & Spirits,Limited Hours,11AM-7PM,https://dempseys.hrpos.heartland.us/?fbclid=IwAR2CUUCbWpyZcrMPaJCYrrJelnL2QWeNXFiX8COkgXMw8e4PWO3hTrkdDO8,Downtown,346 S. High Street,Columbus,43215,614-586-0511,http://www.dempseysdowntown.com/,"Direct Call,Website",,,"Carry Out,Curbside",Yes,,"""Yes, Online"",""Yes, In Person""",
Dirty Frank's Hot Dog Palace,Limited Hours,,https://www.instagram.com/p/B9zEkqiA-y0/?igshid=o2jh2y73gtsh,Downtown,248 S. 4th St.,Columbus,43215,6148244673,www.dirtyfranks.com,Direct Call,,Direct from Restaurant ,Carry Out,Yes,,"""Yes, Online"",""Yes, In Person""",Yes
District north ,Limited Hours,,www.district-north.com,Downtown,10 E long street ,Columbus ,43215,6145574681,,"Website,Delivery Apps",,"Direct from Restaurant ,GrubHub,Postmates,Door Dash,Uber Eats,Seamless",Carry Out,Yes,,No,Yes
DK Diner,Regular Hours,,www.thedkdiner.com,Grandview,1715 w 3rd Ave ,Columbus ,43212,614-488-5160,www.thedkdiner.com,"Direct Call,Website,Delivery Apps",,Direct from Restaurant ,"Curbside,Carry Out",Yes,Please Call ahead for Donut and large food orders! ,"""Yes, In Person""",Mostly normal menu 
Edible Arrangements,Limited Hours,"M-F 9am to 5pm
Sat 9am to 3pm
Sun Closed",edible.com,Grandview,1415 Grandview Ave,Columbus,43212,6144865560,edible.com,"Direct Call,Website",,Direct from Restaurant ,Curbside,Yes,"Same day orders until 4pm, order anytime for future days",No,
Ethyl & Tank,Limited Hours,,https://www.ethylandtank.com/,University District/Old North,19 E 13th Ave,Columbus,43201,(614) 928-3788,https://www.ethylandtank.com/,"Direct Call,Delivery Apps",,"Direct from Restaurant ,GrubHub,Uber Eats","Curbside,Carry Out",Yes,Give us a call and let us know when you want to pick it up.,"""Yes, In Person""",Yes
Firehouse Subs of Grandview,Regular Hours,,https://www.firehousesubs.com/locations/oh/grandview/,Grandview,955 West Fifth Avenue,Columbus,43212,614-298-1324,,"Direct Call,Website,Delivery Apps",,"GrubHub,Postmates,Door Dash,Uber Eats",Carry Out,Yes,,"""Yes, In Person""",
Firehouse Subs of Pickerington,Regular Hours,,https://www.firehousesubs.com/locations/oh/pickerington/,Pickerington,152 Clint Drive,Pickerington,43147,614-892-7020,,"Direct Call,Website,Delivery Apps",,"GrubHub,Postmates,Door Dash,Uber Eats",Carry Out,Yes,,"""Yes, In Person""",
Firehouse Subs of South Gahanna,Regular Hours,,https://www.firehousesubs.com/locations/oh/south-gahanna/,Gahanna,406 Granville St,Gahanna,43230,614-269-8600,,"Direct Call,Website,Delivery Apps",,"GrubHub,Postmates,Door Dash,Uber Eats",Carry Out,Yes,,"""Yes, In Person""",
Flatiron Tavern,Limited Hours,,www.flatirontavern.com/menu,Arena District,129 E Nationwide Blvd,Columbus,43215,6145250091,www.flatirontavern.com,"Direct Call,Delivery Apps",,"Direct from Restaurant ,GrubHub,Uber Eats","Curbside,Carry Out",No,,"""Yes, In Person""",
Fourth St Bar & Grill,Limited Hours,,https://www.fourthstreetcolumbus.com/,University District/Old North,1810 N 4th St,Columbus,43201,614-974-6555,https://www.fourthstreetcolumbus.com/,"Direct Call,Delivery Apps",,"Direct from Restaurant ,GrubHub,Uber Eats","Curbside,Carry Out",Yes,Call us and let us know when you want to pick it up.,"""Yes, In Person""",Yes
Grandview Cafe,Limited Hours,,https://www.bargrandview.com/menu/,Grandview,1455 W 3rd Ave ,Columbus ,43212,614-725-1077,https://www.bargrandview.com/,"Direct Call,Delivery Apps",,"Uber Eats,Postmates","Curbside,Carry Out",No,,"""Yes, In Person""",
Hadley’s Bar and Kitchen,Limited Hours,,http://www.hadleysbar.com/lunchdinner,Downtown,260 S 4th st. ,Columbus,43215,614-222-3022,http://www.hadleysbar.com/,"Direct Call,Delivery Apps",,"Postmates,Uber Eats","Curbside,Carry Out",No,,"""Yes, In Person""",
Happy house Chinese restaurant ,Regular Hours,,,Grandview,1267 w 5th ave ,Columbus Ohio ,43212,6144882088,happyhouseoh.com,"Direct Call,Website,Delivery Apps",,"GrubHub,Postmates,Direct from Restaurant ","Curbside,Carry Out",Yes,,No,
Hoggy's Restaurant and Catering,Regular Hours,,https://direct.chownow.com/order/8391/locations,Northwest Columbus,830 Bethel Road,Columbus,43214,6144421800,hoggys.com,"Direct Call,Website,Delivery Apps,Email",,"Direct from Restaurant ,Postmates,Door Dash","Curbside,Carry Out",Yes,Accepting any and all orders.,"""Yes, In Person""",
Honey Dip Donuts & Diner,Regular Hours,Tues-Sat: 6am-2pm; Sun: 7am-2pm,http://honeydipdonutsdiner.com/,Northwest Columbus,4480 Kenny Road,Columbus,43220,614-459-0812,http://honeydipdonutsdiner.com/,"Direct Call,Delivery Apps",,"GrubHub,Door Dash,Uber Eats",Carry Out,Yes,24 hour notice to order donuts for next day pickup ,"""Yes, In Person""",
Hoof Hearted Brewery & Kitchen,Limited Hours,,https://hoofheartedkitchen.com/menu,Short North/Italian Village,850 N 4th St,Columbus,43205,6149482527,https://hoofheartedkitchen.com/,"Direct Call,Delivery Apps",,Direct from Restaurant ,"Curbside,Carry Out",Yes,Call us and let us know when you want to pick it up.,"""Yes, In Person""",Yes
HY Asian Cuisine ,Regular Hours,"11:30am —9:00 Pm 
Monday — Sunday ",www.hyasiancuisine.com,University District/Old North,3011 Olentangy River Road ,Columbus ,43202,614-754-8754,www.hyasiancuisine.com,"Direct Call,Website,Delivery Apps",,"Uber Eats,Door Dash",Carry Out,Yes,,"""Yes, In Person""",Normal menu items
Japanese Oriental Restaurant ,Regular Hours,,https://japanese-oriental-restaurant.business.site/,University District/Old North,2283 N High St,Columbus ,43235,6148227053,https://japanese-oriental-restaurant.business.site/,"Direct Call,Delivery Apps",,"GrubHub,Door Dash,Uber Eats",Carry Out,Yes,Order by 8pm for next day pickup ,"""Yes, In Person""",
Jimmy John's Grove City Drive Thru,Limited Hours,10:30am to 3pm,https://www.jimmyjohns.com/,Grove City, 3041 Turnberry Ct,Grove City,43123,(614) 801-1222,https://www.jimmyjohns.com/,"Direct Call,Website",,Direct from Restaurant ,"Curbside,Carry Out",Yes,Order last minute or for a future date!,"""Yes, In Person"",""Yes, Online""",
Jimmy John's Maxtown,Limited Hours,10:30am to 3pm,https://www.jimmyjohns.com/,Westerville,5803 Maxtown Rd,Westerville,43082,(614) 891-5000,https://www.jimmyjohns.com/,"Website,Direct Call",,Direct from Restaurant ,Carry Out,Yes,Order last minute or for any future date!,"""Yes, In Person"",""Yes, Online""",
Jimmy John's New Albany,Limited Hours,,https://www.jimmyjohns.com/menu/#/,New Albany, 5183 Hampsted Village Center Way,New Albany,43054,(614) 933-0200,https://www.jimmyjohns.com/,"Direct Call,Website",,Direct from Restaurant ,Carry Out,Yes,We take all last minute orders or as far in advance as you like,"""Yes, In Person"",""Yes, Online""",
Jimmy John's Shrock Rd,Limited Hours,10:30-3pm,https://www.jimmyjohns.com/menu/#/,Westerville,"576 W Schrock Rd, Westerville, OH 43081",Westerville,43081,(614) 818-1800,https://www.jimmyjohns.com/,"Direct Call,Website",,Direct from Restaurant ,Carry Out,Yes,Order ahead for last minute orders or any future date!,"""Yes, Online"",""Yes, In Person""",
Jimmy V’s Grill & Pub Westerville,Regular Hours,,https://jimmyvswesterville.com/menu/,Westerville,1 South State Street,Westerville ,43081,614-865-9090,www.jimmyvswesterville.com,"Direct Call,Delivery Apps",,"Direct from Restaurant ,Door Dash,Uber Eats","Curbside,Carry Out",Yes,Feel free to place your order in advance by calling us at 614-865-9090 between 11am and 9pm!,"""Yes, In Person""",
Katalina's - Clintonville,Regular Hours,Daily 8:00 - 3:00,https://2337acfb-aaaa-41cb-b83d-df889859d772.filesusr.com/ugd/f8a30a_b61ca493c54f488ea5d53394b0081f97.pdf,Clintonville,3481 N High St,Columbus,43214,614.689.8896,https://www.katalinas.com/,Direct Call,,Direct from Restaurant ,"Curbside,Carry Out",No,,"""Yes, Online""",
Katalina's - Harrison West,Regular Hours,Daily 8:00 - 3:00,https://2337acfb-aaaa-41cb-b83d-df889859d772.usrfiles.com/ugd/f8a30a_65c8a8c426c843999ba6850f3dd54b44.pdf,Short North/Italian Village,1105 Pennsylvania Ave,Columbus,43201,614-294-2233,https://www.katalinas.com/,Direct Call,,Direct from Restaurant ,"Curbside,Carry Out",No,,"""Yes, Online""",
Kyoto Japanese steakhouse ,Regular Hours,11:30 am To 8:30 pm,www.kyotojapanesesteakhouse.biz,Dublin,5874 Sawmill road ,Columbus Ohio ,43017,614-792-2500,www.kyotojapanesesteakhouse.biz,"Direct Call,Delivery Apps",,"Direct from Restaurant ,GrubHub,Uber Eats",Carry Out,Yes,Order by 6:00 pm for next day pick up,"""Yes, In Person""",Normal fare 
Liberty Tavern,Limited Hours,Daily 12:00-8:00,http://libertytavernpowell.com/wp-content/uploads/2020/03/Liberty-Temporary-Menu.pdf,Powell,50 S. Liberty St.,Powell,43065,614-825-0500,,Direct Call,,,Carry Out,No,,"""Yes, In Person""",Check our Facebook or website for updated menu.
Little Italy Pizza,Regular Hours,,littleitalygroveport.com/menu,Groveport,619 Main St,Groveport,43125,6148363056,littleitalygroveport.com,"Direct Call,Website",,Direct from Restaurant ,"Curbside,Carry Out",Yes,We accept advance orders up to 7 days in advance. ,"""Yes, Online"",""Yes, In Person""",
Mazah Mediterranean Eatery,Regular Hours,,http://www.mazah-eatery.com/wp-content/uploads/2018/11/Mazah_CarryOut_Menu_2018.pdf,Grandview,1453 Grandview Avenue ,Columbus ,43212,614-488-3633,www.mazah-eatery.com,"Direct Call,Delivery Apps",,"Direct from Restaurant ,Postmates","Curbside,Carry Out",No,,"""Yes, Online"",""Yes, In Person""",Yes
Mellow Mushroom - New Albany ,Limited Hours,,www.mellowmushroom.com,New Albany,260 Market Street Suite A,New Albany ,43054,614-245-4234,www.mellowmushroom.com,"Direct Call,Delivery Apps",,"GrubHub,Door Dash,Uber Eats",Carry Out,No,,"""Yes, Online"",""Yes, In Person""","Yes
"
Nocterra Brewing Co.,Limited Hours,10A-8P,https://www.nocterrabrewing.com/draftlist.html,Powell,41 Depot Street,Powell,43065,614,https://nocterra-brewing-company.myshopify.com/collections/beer-home-delivery,"Direct Call,Website",,Direct from Restaurant ,Carry Out,Yes,"Powell residents order by 3pm for same day delivery by 8pm.
Next day delivery to people within 15 miles of the brewery.
Details at https://nocterrabrewing.com/delivery.html","""Yes, In Person"",""Yes, Online""",
Olde Towne Tavern ,Regular Hours,,theoldetownetavern.com,Olde Towne East,889 Oak Street,Columbus ,43205,6142522955,theoldetowntavern.com,"Direct Call,Website",,Door Dash,Carry Out,No,,"""Yes, In Person""",
Pablo's Havana Cafe,Regular Hours,"Mon - Sat, 9am - 8pm; Sun 11am - 5pm",https://www.facebook.com/pabloshavanacafe/?modal=admin_todo_tour,Powell,9685 Sawmill Rd.,Powell,43065,614.389.4302,www.pabloshavanacafe.com,"Direct Call,Website",https://pabloshavanacafe.smartonlineorder.com/,"Door Dash,GrubHub,Direct from Restaurant ","Curbside,Carry Out",,,"""Yes, In Person""",
Papa Johns,Regular Hours,,https://www.papajohns.com/,Grandview,998 W 5th Ave.,Columbus,43212,6144211700,https://www.papajohns.com/,"Direct Call,Website,Delivery Apps",,"Direct from Restaurant ,Postmates,Door Dash,Uber Eats",Carry Out,No,,"""Yes, In Person""",
Pat and Gracie’s Downtown ,Limited Hours,,www.patandgracies.com,Downtown,340 East Gay St,Columbus ,43215,614-914-8484,www.patandgracies.com,"Direct Call,Delivery Apps,Website",,"GrubHub,Postmates,Door Dash,Uber Eats",Carry Out,Yes,Please call the restaurant ,"""Yes, In Person""",
Pecan Penny’s ,Limited Hours,,pecanpennys.com,Downtown,113 E Main St,Columbus,43205,6148260750,pecanpennys.com,"Direct Call,Website,Delivery Apps",,"Direct from Restaurant ,GrubHub,Postmates,Door Dash,Uber Eats","Curbside,Carry Out",Yes,Order by 6pm for next day pickup ,"""Yes, In Person""",
Pierogi Mountain ,Limited Hours,,www.facebook.com/PierogiMountain,University District/Old North,2216 Summit St,Columbus,43201,6144202175,www.facebook.com/PierogiMountain,"Direct Call,Delivery Apps",,"GrubHub,Postmates,Uber Eats",Carry Out,Yes,"We are accepting future orders for bulk pierogi that you can take home and cook at your leisure! They freeze well and we provide simple cooking instructions. Please contact us through Facebook or at pierogimountain@gmail.com for bulk orders, all other orders can be placed through our delivery apps or by calling the kitchen during business hours.",No,
Pierogi Mountain German Village,Limited Hours,,www.facebook.com/PierogiMountain,German/Merion Village,739 S 3rd St,Columbus,43206,6144202304,www.facebook.com/PierogiMountain,"Delivery Apps,Direct Call",,"GrubHub,Postmates,Uber Eats",Carry Out,No,,No,
Planks Bier Garten,Limited Hours,"Monday-Thursday: 11am-2pm & 5pm-9pm
Fri-Sat-Sunday: 11am-9pm",https://planksbeergarden.com/,German/Merion Village,888 S. High St,Columbus,43206,614-443-4570,https://planksbeergarden.com/,Direct Call,,Direct from Restaurant ,"Curbside,Carry Out",,,"""Yes, In Person""",Yes
R Bar Arena ,Limited Hours,,www.rbararena.com,Arena District,413 N Front St,Columbus,43215,614-222-4950,www.rbararena.com,"Delivery Apps,Website,Direct Call",,"Direct from Restaurant ,Uber Eats",Carry Out,Yes,"You may order online and select a time for pick up, our current operating hours are Monday - Friday 11am-2pm then 6pm-9pm, if demand increases we will increase hours of operation. We also offer beer and wine carry out.","""Yes, Online"",""Yes, In Person""",
Red chili,Regular Hours,10:30-9:30,www.myredchili1948.com,University District/Old North,1948 north high st ,Columbus,43229,6142991001,www.myredchili1948.com,"Delivery Apps,Direct Call,Website",,"GrubHub,Postmates,Door Dash,Uber Eats",Carry Out,No,,"""Yes, In Person""",Yes
Restaurant Silla-Authentic Korean & Japanese Cuisine,Limited Hours,Tuesday thru Sunday From 4pm to Midnight,http://www.restaurantsilla.com/our-menu.html,Northwest Columbus,1802 W Henderson Rd,Columbus,43220,6144595990,http://www.restaurantsilla.com/,"Direct Call,Email",restaurantsilla@gmail.com,,Carry Out,Yes,"Order by 9pm for next day pickup
Delivery only availabe if it is more than $100 ",No,
Ritzy’s - Columbus,Regular Hours,"Sunday - Thursday 11:00am - 9:00pm
Friday - Saturday 11:00am - 10:00pm",www.gdritzyscolumbus.com,Clintonville,4615 N High Street,Columbus,43214,(614) 754-8960,www.gdritzyscolumbus.com,"Delivery Apps,Direct Call",,"GrubHub,Door Dash","Carry Out,Curbside",Yes,We will accept any and all orders,"""Yes, In Person""",
Rosevelt Coffeehouse ,Temporarily Closed,,rooseveltcoffee.org,Downtown,300 E Long St,Columbus,43215,(614) 670-5228,rooseveltcoffee.org,Website,,Door Dash,None,No,,"""Yes, Online""",
Skillet,Regular Hours,8am - 2pm Wednesday through Sunday,https://www.skilletruf.net/brunch-menu,German/Merion Village,410 E Whittier St,Columbus,43206,614-443-2266,www.skilletruf.net,Direct Call,,Direct from Restaurant ,Carry Out,No,,"""Yes, Online""",Offering our daily changing menu of brunch centric items.
Sushi Factory,Regular Hours,"Mon-Thu: 1130am to 10pm
Fri-Sat: 1130am to 1030pm
Sun: 12pm to 9pm",,Polaris Area,8715 Sancus Blvd.,Columbus ,43240,(614)505-6060,,Direct Call,,,Carry Out,Yes,,No,We are a brand new family-owned restaurant affected by the COVID-19. We do not have any delivery options as we are so new but we hope to see get take-out!
SUSHI KO JAPANESE RESTAURANT,Limited Hours,"MON-SAT  11:am-2:30pm, 4:30pm-8:30pm
SUN 4:30pm-8:30pm",http://www.sushi-ko.net/,Worthington,122 Hutchinson Ave,Columbus,43235,614-985-6441,http://www.sushi-ko.net/,Direct Call,,,"Carry Out,Curbside",Yes,"Order by end of day, for next day pickup.","""Yes, In Person""",
Tamo’s Pizzeria ,Regular Hours,"Mon-Thurs: 11AM-10PM
Fri-Sat: 11AM-12AM
Sun:12PM-9PM",https://tamospizzeria.com/menu,Grandview,1333 Northwest Blvd,Grandview Heights,43212,614-706-4422,https://tamospizzeria.com/,"Delivery Apps,Direct Call",,"Door Dash,Uber Eats",Carry Out,No,,No,
The Barn,Limited Hours,,https://thebarncolumbus.com/,"Gahanna,New Albany",1370 E. Johnstown Rd. ,Gahanna,43230,6148559840,https://www.facebook.com/CMRColumbus/photos/a.429295536545/10156975128366546/?type=3&theater,Direct Call,,,Curbside,,,"""Yes, Online""",Yes
The Berwick,Limited Hours,"Restaurant - Monday through Friday
11:30am to 2:30pm

Catering - Pickup & Delivery
Monday through Friday - 10am to 6pm
Saturday - Noon to 5pm",www.the-berwick.com,,3250 REFUGEE RD,COLUMBUS,432324898,6142357100,www.the-berwick.com,"Direct Call,Delivery Apps,Email,Website",susifamily@the-berwick.com,"GrubHub,Direct from Restaurant ","Curbside,Carry Out",Yes,"Restaurant - place orders 20 minutes in advance.
Catering - Place order three hours in advance.","""Yes, In Person""","Restaurant - Special Menu
Catering - Special Pick-up and Delivery Menu with Family Meals, Individual Boxed Meals and Food by the Pan."
The Cheesecake Factory ,Regular Hours,M-Th 11am-10pm Fri 11am-11pm Sat 10am-11pm Sun 10am-9pm,https://www.thecheesecakefactory.com/media/menus/TCF_TakeOut_Columbus_0220.pdf,Easton Area,3975 Townsfair Way,Columbus,43219,614-418-7600,,"Direct Call,Website,Delivery Apps",,"Direct from Restaurant ,Door Dash",,,,"""Yes, Online"",""Yes, In Person""",
The Crest Gastropub - Clintonville,Limited Hours,,https://www.thecrestgastropub.com/clintonville-menu,Clintonville,2855 Indianola Ave,Columbus,43202,(614) 261 7128,https://www.thecrestgastropub.com/,"Direct Call,Delivery Apps",,"Direct from Restaurant ,Uber Eats","Curbside,Carry Out",Yes,"Call us and let us know when you need it ready.
Website ordering coming as soon as we can pull it together.","""Yes, In Person""",Yes
The Crest Gastropub - Parsons Ave,Limited Hours,,https://www.thecrestgastropub.com/parsons-menu,German/Merion Village,"621 Parsons Avenue,", Columbus ,43206,(614) 682-7090,https://www.thecrestgastropub.com/,"Direct Call,Delivery Apps",,"Direct from Restaurant ,GrubHub,Uber Eats","Curbside,Carry Out",Yes,Give us a call and tell us when you want to pick it up.,"""Yes, In Person""","Yes
"
The Daily Growler - German Village/Brewery District,Limited Hours,Noon to 8:00 p.m. subjec to change,https://www.thedailygrowler.com/gvbd-beers/,German/Merion Village,702 S. High Street,Columbus,43206,614-706-2749,https://www.thedailygrowler.com/gvbd-beers/,Email,info@thedailygrowler.com,Direct from Restaurant ,Carry Out,Yes,"Orders by 5:00 p.m. for same day delivery.
Future day orders accepted. ","""Yes, Online"",""Yes, In Person""",
The Daily Growler - Powell,Limited Hours,Noon to 8:00 p.m. subjec to change, https://www.thedailygrowler.com/powell-beers/,Powell,258 W. Olentangy St. ,Powell,43065,614-987-8277, https://www.thedailygrowler.com/powell-beers/,Email,info@thedailygrowler.com,Direct from Restaurant ,Carry Out,Yes,"Orders by 5:00 p.m. for same day delivery.
Future day orders accepted.","""Yes, Online"",""Yes, In Person""",
The Daily Growler - Upper Arlington,Limited Hours,Noon to 8:00 p.m. subjec to change,https://www.thedailygrowler.com/ua-beers/,Upper Arlington,2812 Fishinger Rd,Upper Arlington,43221,614-656-2337,https://www.thedailygrowler.com/ua-beers/,Email,info@thedailygrowler.com,Direct from Restaurant ,Carry Out,Yes,"Orders by 5:00 p.m. for same day delivery.
Future day orders accepted. ","""Yes, Online"",""Yes, In Person""",
The Kitchen,Limited Hours,"Taco Tuesday To Go | March 17th, 5-9pm",https://www.thekitchencolumbus.com/tacos-to-go,German/Merion Village,231 E. Livingston Ave,Columbus,43215,6142258940,thekitchencolumbus.com,Website,,,"Curbside,Carry Out",No,,"""Yes, Online"",""Yes, In Person""",
The lox bagel shop,Regular Hours,,theloxbagelshop.com,Short North/Italian Village,772 N High St suite 106,Columbus,43215,614,theloxbagelshop.com,"Website,Direct Call,Delivery Apps,Email",,"Door Dash,Direct from Restaurant ",Carry Out,Yes,Catering menu fully available ,"""Yes, In Person""",Yes
The Market Italian Village,Limited Hours,,https://www.themarketiv.com/evening,Short North/Italian Village,1022 Summit,Columbus,43201,6149482527,https://www.themarketiv.com/,"Direct Call,Delivery Apps",,"Direct from Restaurant ,GrubHub,Uber Eats","Curbside,Carry Out",Yes,Give us a call and let us know when you'd like to pick it up.,"""Yes, In Person""",Yes
The Original Pancake House,Regular Hours,,ophcentralohio.com,Upper Arlington,1633 W. Lane ave,Upper Arlington,43221,614-695-6810,ophcentralohio.com,"Direct Call,Website,Delivery Apps",,"Direct from Restaurant ,Uber Eats",Carry Out,No,,"""Yes, In Person""",
The Roosevelt Coffeehouse,Temporarily Closed,Our coffeehouses are closed. We will be back as soon as possible. But you can order coffee for delivery online.,www.roosevelt.coffee,Downtown,300 E. Long Street,Columbus,43215,6145717554,www.roosevelt.coffee,Website,,,None,Yes,Ship within two days.,"""Yes, Online""",
The Rossi Kitchen & Bar,Limited Hours,4-8pm,https://rossikitchenandbar.com/dinner-%26-dolce,Short North/Italian Village,895 N High Street,Columbus ,43215,6145250624,https://rossikitchenandbar.com/,"Website,Direct Call",,,,,,,
The Walrus,Limited Hours,,thewalruscolumbus.com,Downtown,143 E Main St,Columbus,43215,614.817.1710,thewalruscolumbus.com,"Direct Call,Delivery Apps",,"Direct from Restaurant ,Uber Eats",Carry Out,Yes,Please call by 3pm for next day pickup ,"""Yes, In Person""",
Tiger+Lily,Regular Hours,"Monday - Thursday, 11:30am-9pm
Friday, 11:30am-10pm
Saturday, 12pm-10pm",Tigerandlilybistro.com,Downtown,19 E Gay St,Columbus,43215,614-928-9989,tigerandlilybistro.com,"Direct Call,Website,Delivery Apps",,"GrubHub,Door Dash","Carry Out,Curbside",Yes,Order up to 24 hours advance though online system. ,"""Yes, In Person""",Yes
Tommy’s Pizza Campus ,Regular Hours,,www.tommyspizza.com,University District/Old North,174 W Lane Ave ,Columbus ,43201,614-294-4669,www.tommyspizza.com,"Direct Call,Delivery Apps",,Door Dash,Carry Out,Yes,We always accept future  orders ,"""Yes, In Person""",
Tommy’s Pizza Dublin ,Regular Hours,,www.tommyspizza.com,Dublin,4279 W Dublin Granville Rd ,Dublin,43017,614-764-3999,www.tommyspizza.com,"Direct Call,Delivery Apps",,Door Dash,Carry Out,Yes,You can always place a future order with us ,"""Yes, In Person""",
Tommy’s Pizza Upper Arlington ,Regular Hours,,www.tommyspizza.com,Upper Arlington,1350 W Lane Ave ,Columbus ,43221,614-486-2969,www.tommyspizza.com,"Direct Call,Delivery Apps",,Door Dash,Carry Out,Yes,We always accept further orders ,"""Yes, In Person""",
Tupelo doughnuts,Regular Hours,"Fri - sun 
Kitchenshop 6-10 off sawmill with preorder or GrubHub ubereats DoorDash deliveries 
 Fri - sun 
Tupelo donut truck 4584 n high clintonville 8-12 in Clintonville with preorder or GrubHub ubereats DoorDash deliveries ",preorder/tupelodoughnuts.com,Dublin,2672 Bilingsley rd off sawmill or 4584 n high st clintonville ,Columbus ,43214,6142622427,tupelosoughnuts.com,"Website,Delivery Apps,Email",order@tupelodoughnuts.com,"GrubHub,Postmates,Uber Eats,Door Dash","Curbside,Carry Out",Yes,,"""Yes, Online""",Yes
Uptown Deli and Brew,Limited Hours,,http://www.uptowndeliandbrew.com,Westerville,41 N State St,Westerville ,43081,614-891-2337,http://www.uptowndeliandbrew.com,"Direct Call,Email",,,"Carry Out,Curbside",Yes,"Restaurant is available for carry out, growler sales and deli counter from 11a-8p daily. 

We are also a local brewery and have a retail deli case for meats, cheeses, bread and more. 

For any larger orders or catering orders please email catering@uptowndeliandbrew.com 

Delivery may be available for these large orders! ","""Yes, In Person""",
Valters at the Maennerchor,Temporarily Closed,,https://www.gofundme.com/f/help-valters-staff,German/Merion Village,976 S High St,Columbus,43206,(614) 444-3531,,,,,,,,,
Wolf's Ridge Brewing,Limited Hours,Everyday 10:30 am - 9 pm,https://wolfsridgebrewing.com/the-tap-room/#tap_room_menu,Downtown,215 N. 4th St.,Columbus,43215,4192770108,https://wolfsridgebrewing.com/,"Direct Call,Delivery Apps",,Uber Eats,"Curbside,Carry Out",Yes,,"""Yes, Online"",""Yes, In Person""",Yes
Yellow Brick Pizza - Dennison Place,Limited Hours,,http://www.yellowbrickpizza.com/dinner.php,Short North/Italian Village,245 King Ave,Columbus,43201,6144290750,www.yellowbrickpizza.com,"Direct Call,Delivery Apps",,"GrubHub,Door Dash,Uber Eats","Curbside,Carry Out",Yes,up to 24 hours in advance. future orders must be prepaid. ,"""Yes, In Person""",
Yellow Brick Pizza - Olde Towne East,Limited Hours,,http://www.yellowbrickpizza.com/dinner.php,Olde Towne East,892 Oak St. ,Columbus ,43205,6147255482,www.yellowbrickpizza.com,"Direct Call,Delivery Apps",,"GrubHub,Door Dash,Uber Eats","Curbside,Carry Out",Yes,up to 24 hours in advance. future orders are prepaid only. ,"""Yes, In Person""",
Yun nan crossing bridge noodle,Regular Hours,,www.yunnannoodle.com,Northwest Columbus,2548 bethel rd ,Columbus Ohio ,43220,6149295552,www.yunnannoodle.com,"Website,Direct Call,Delivery Apps",,,"Curbside,Carry Out",Yes,,No,
Z’s Asian bistro ,Regular Hours,,,Upper Arlington,3415 e broad st ,Columbus oh,43213,6145250626,www.zsasianbistro.com,"Direct Call,Website,Delivery Apps",,"GrubHub,Door Dash,Direct from Restaurant ","Curbside,Carry Out",Yes,,No,
Harvest Pizza - Bexley,Limited Hours,"Daily, 4:00 - 9:00",https://www.harvestpizzeria.com/menu-1,Bexley,2376 E. Main St,Bexley,43209,(614) 824-4081,https://www.harvestpizzeria.com/,"Direct Call,Delivery Apps",,GrubHub,"Curbside,Carry Out",,,"""Yes, In Person""",
Harvest Pizza - Clintonville,Limited Hours,"Daily, 4:00 - 9:00",https://www.harvestpizzeria.com/menu-1,Clintonville,2885 N High St.,Columbus,43202,(614) 947-7133,https://www.harvestpizzeria.com/,"Direct Call,Delivery Apps",,GrubHub,"Curbside,Carry Out",,,"""Yes, In Person""",
Harvest Pizza - Dublin,Limited Hours,"Daily, Noon - 8:00",https://www.harvestpizzeria.com/menu-1,Dublin,45 N. High St.,Dublin,43017,(614) 726-9919,https://www.harvestpizzeria.com/,"Direct Call,Delivery Apps",,GrubHub,"Curbside,Carry Out",,,"""Yes, In Person""",
Hudson 29 - Upper Arlington,Limited Hours,"Daily, 4:00 - 8:00

",https://www.facebook.com/photo.php?fbid=10215586121397288&set=gm.624921308347923&type=3&theater,Upper Arlington,1600 W. Lane Ave,Upper Arlington,43221,(614) 487-0622,https://hudson29.com/,Direct Call,,,"Curbside,Carry Out",,,"""Yes, Online""",https://www.facebook.com/photo.php?fbid=10215586121397288&set=gm.624921308347923&type=3&theater
Hudson 29 - New Albany,Limited Hours,"Daily, 4:00 - 8:00

",https://www.facebook.com/photo.php?fbid=10215586121397288&set=gm.624921308347923&type=3&theater,New Albany,"260 Market St, Suite D",New Albany,432054,(614) 859 - 2900,https://hudson29.com/,Direct Call,,,"Curbside,Carry Out",,,"""Yes, Online""",https://www.facebook.com/photo.php?fbid=10215586121397288&set=gm.624921308347923&type=3&theater
South Of Lane,Regular Hours,"Monday: Closed
Tues-Sat: 7:00-2:00
Sunday: 8:00-1:00",https://lookaside.fbsbx.com/file/facebook%20menu.pdf?token=AWyYgIFDVCIkRBhO5IfSdRhoVVOn8WyzNkwbaB4RswEgJJRgQ_vbCkem73Y0n_xLJxFwOo__BkszC1Tc02oT4Z73tJBsti7kdSt-EsoCZxxnLf796jwobvuTNx1YIQt1OgHK9rqsbFaNKHR_oLx1vNsv,Upper Arlington,1987 Guilford Rd,Upper Arlington,43221,(614) 586-2233,https://www.facebook.com/SouthOfLane/,"Direct Call,Email,DM on Instagram",orders.southoflanecafe@gmail.com,,Carry Out,Yes,,"""Yes, In Person"",""Yes, via Email""",
101 Beer Kitchen - Dublin,Limited Hours,"Daily, 12:00 - 8:00
",https://www.101beerkitchen.com/dublin-ohio/#orderonline,Dublin,7509 Sawmill Rd,Dublin,43016,(614) 210-1010,https://www.101beerkitchen.com/,"Direct Call,Website,Delivery Apps",,Door Dash,Curbside,Yes,,"""Yes, Online"",""Yes, In Person""",https://www.101beerkitchen.com/dublin-ohio/#orderonline
101 Beer Kitchen - Gahanna,Limited Hours,"Daily, 12:00 - 8:00
",https://www.101beerkitchen.com/gahanna-ohio#orderonline,Gahanna,397 Stoneridge Lane,Gahanna,43230,(614) 934 - 5501,https://www.101beerkitchen.com/,"Direct Call,Website,Delivery Apps",,Door Dash,Curbside,Yes,,"""Yes, Online"",""Yes, In Person""",https://www.101beerkitchen.com/gahanna-ohio#orderonline
101 Beer Kitchen - Westerville,Limited Hours,"Daily, 12:00 - 8:00
",https://www.101beerkitchen.com/gahanna-ohio#orderonline,Westerville,817 Polaris Pkwy,Westerville,43082,(614) 776-4775,https://www.101beerkitchen.com/,"Direct Call,Website,Delivery Apps",,Door Dash,Curbside,Yes,,"""Yes, Online"",""Yes, In Person""",https://www.101beerkitchen.com/gahanna-ohio#orderonline
,,,,,Street Address,City,,Phone,,,,,,,,,
Lemongrass,Regular Hours,"Sunday 11:30am - 10:00pm
Monday 11:30am - 10:00pm
Tuesday 11:30am - 11:00pm
Wednesday 11:30am - 11:00pm
Thursday 11:30am - 11:00pm
Friday 11:30am - 11:00pm
Saturday 11:30am - 11:00pm",http://lemongrassfusion.com/menu/,,641 N. High st,Columbus,43215,614-224-1414,http://lemongrassfusion.com,"Direct Call,Delivery Apps",,"Direct from Restaurant ,Postmates,Door Dash,Uber Eats","Carry Out,Curbside",No,,"""Yes, In Person""",Normal menu. Full menu available 
